<?xml version="1.0" encoding="UTF-8"?>
<metadata>
  <idinfo>
    <citation>
      <citeinfo>
        <origin>Federal Emergency Management Agency</origin>
        <pubdate>20200818</pubdate>
        <title>National Flood Hazard Layer (NFHL)</title>
	<edition>Version 1.1.1.0</edition>
        <geoform>FEMA-NFHL</geoform>
        <pubinfo>
          <pubplace>Washington, D.C.</pubplace>
          <publish>Federal Emergency Management Agency</publish>
        </pubinfo>
        <onlink>https://msc.fema.gov</onlink>
      </citeinfo>
    </citation>
    <descript>
      <abstract>The National Flood Hazard Layer (NFHL) data incorporates all Flood Insurance Rate Map (FIRM) databases published by the Federal Emergency Management Agency (FEMA), and any Letters of Map Revision (LOMRs) that have been issued against those databases since their publication date. It is updated on a monthly basis. The FIRM Database is the digital, geospatial version of the flood hazard information shown on the published paper FIRMs.  

The FIRM Database depicts flood risk information and supporting data used to develop the risk data. The primary risk classifications used are the 1-percent-annual-chance flood event, the 0.2-percent-annual-chance flood event, and areas of minimal flood risk. The FIRM Database is derived from Flood Insurance Studies (FISs), previously published FIRMs, flood hazard analyses performed in support of the FISs and FIRMs, and new mapping data, where available. The FISs and FIRMs are published by FEMA.

The NFHL is available as State or US Territory data sets.  Each State or Territory data set consists of all FIRM Databases and corresponding LOMRs available on the publication date of the data set. 

The specification for the horizontal control of FIRM Databases is consistent with those required for mapping at a scale of 1:12,000. This file is georeferenced to the Earth's surface using the Geographic Coordinate System (GCS) and North American Datum of 1983.</abstract>
      <purpose>The FIRM is the basis for floodplain management, mitigation, and insurance activities for the National Flood Insurance Program (NFIP). Insurance applications include enforcement of the mandatory purchase requirement of the Flood Disaster Protection Act, which "... requires the purchase of flood insurance by property owners who are being assisted by Federal programs or by Federally supervised, regulated or insured agencies or institutions in the acquisition or improvement of land facilities located or to be located in identified areas having special flood hazards, " Section 2 (b) (4) of the Flood Disaster Protection Act of 1973. In addition to the identification of Special Flood Hazard Areas (SFHAs), the risk zones shown on the FIRMs are the basis for the establishment of premium rates for flood coverage offered through the NFIP. The FIRM Database presents the flood risk information depicted on the FIRM in a digital format suitable for use in electronic mapping applications. The FIRM Database  serves to archive the information collected during the Flood Risk Project.</purpose>
    </descript>
    <timeperd>
      <timeinfo>
        <sngdate>
          <caldate>20200818</caldate>
        </sngdate>
      </timeinfo>
      <current>Publication Date</current>
    </timeperd>
    <status>
      <progress>In work</progress>
      <update>Monthly</update>
    </status>
    <spdom>
      <bounding>
        <westbc>-172</westbc>
        <eastbc>147</eastbc>
        <northbc>72</northbc>
        <southbc>-15</southbc>
      </bounding>
    </spdom>
    <keywords>
      <theme>
	<themekt>NGDA Portfolio Themes</themekt>
        <themekey>NGDA</themekey>
	<themekey>National Geospatial Data Asset</themekey>
	<themekey>Elevation Theme</themekey>
      </theme>
      <theme>
        <themekt>ISO 19115 Topic Category</themekt>
        <themekey>hydrology</themekey>
        <themekey>environment</themekey>
        <themekey>inlandWaters</themekey>
        <themekey>structure</themekey>
        <themekey>transportation</themekey>
        <themekey>elevation</themekey>
      </theme>
      <theme>
        <themekt>FEMA NFIP Topic Category</themekt>
        <themekey>FIRM</themekey>
        <themekey>FEMA Flood Hazard Zone</themekey>
        <themekey>FIRM Database</themekey>
        <themekey>Special Flood Hazard Area</themekey>
        <themekey>Flood Insurance Rate Map</themekey>
        <themekey>CBRS</themekey>
        <themekey>Coastal Barrier Resources System</themekey>
        <themekey>Riverine Flooding</themekey>
        <themekey>Coastal Flooding</themekey>
        <themekey>NFIP</themekey>
        <themekey>Base Flood Elevation</themekey>
        <themekey>SFHA</themekey>
        <themekey>Floodway</themekey>
      </theme>
      <place>
        <placekt>None</placekt>
        <placekey>Alabama</placekey>
        <placekey>Alaska</placekey>
        <placekey>American Samoa</placekey>
        <placekey>Arizona</placekey>
        <placekey>Arkansas</placekey>
        <placekey>California</placekey>
        <placekey>Colorado</placekey>
        <placekey>Connecticut</placekey>
        <placekey>Delaware</placekey>
        <placekey>District of Columbia</placekey>
        <placekey>Federated State of Micronesia</placekey>
        <placekey>Florida</placekey>
        <placekey>Georgia</placekey>
        <placekey>Guam</placekey>
        <placekey>Hawaii</placekey>
        <placekey>Idaho</placekey>
        <placekey>Illinois</placekey>
        <placekey>Indiana</placekey>
        <placekey>Iowa</placekey>
        <placekey>Kansas</placekey>
        <placekey>Kentucky</placekey>
        <placekey>Louisiana</placekey>
        <placekey>Maine</placekey>
        <placekey>Marshall Islands</placekey>
        <placekey>Maryland</placekey>
        <placekey>Massachusetts</placekey>
        <placekey>Michigan</placekey>
        <placekey>Minnesota</placekey>
        <placekey>Mississippi</placekey>
        <placekey>Missouri</placekey>
        <placekey>Montana</placekey>
        <placekey>Nebraska</placekey>
        <placekey>Nevada</placekey>
        <placekey>New Hampshire</placekey>
        <placekey>New Jersey</placekey>
        <placekey>New Mexico</placekey>
        <placekey>New York</placekey>
        <placekey>North Carolina</placekey>
        <placekey>North Dakota</placekey>
        <placekey>Northern Mariana Islands</placekey>
        <placekey>Ohio</placekey>
        <placekey>Oklahoma</placekey>
        <placekey>Oregon</placekey>
        <placekey>Palau</placekey>
        <placekey>Pennsylvania</placekey>
        <placekey>Puerto Rico</placekey>
        <placekey>Rhode Island</placekey>
        <placekey>South Carolina</placekey>
        <placekey>South Dakota</placekey>
        <placekey>Tennessee</placekey>
        <placekey>Texas</placekey>
        <placekey>Utah</placekey>
        <placekey>Vermont</placekey>
        <placekey>U.S. Minor Islands</placekey>
        <placekey>Virgin Islands</placekey>
        <placekey>Virginia</placekey>
        <placekey>Washington</placekey>
        <placekey>West Virginia</placekey>
        <placekey>Wisconsin</placekey>
        <placekey>Wyoming</placekey>
      </place>
    </keywords>
    <accconst>None</accconst>
    <useconst>The hardcopy FIRM and FIRM Database and the accompanying FIS are the official designation of SFHAs and Base Flood Elevations (BFEs) for the NFIP. For the purposes of the NFIP, changes to the flood risk information published by FEMA may only be performed by FEMA and through the mechanisms established in the NFIP regulations (44 CFR Parts 59-78). These digital data are produced in conjunction with the hardcopy FIRMs and generally match the hardcopy map exactly. Acknowledgement of FEMA would be appreciated in products derived from these data.</useconst>
    <ptcontac>
      <cntinfo>
        <cntorgp>
          <cntorg>Federal Emergency Management Agency</cntorg>
        </cntorgp>
        <cntaddr>
          <addrtype>mailing</addrtype>
          <address>500 C Street, S.W.</address>
          <city>Washington</city>
          <state>District of Columbia</state>
          <postal>20472</postal>
          <country>USA</country>
        </cntaddr>
        <cntvoice>1-877-336-2627</cntvoice>
        <cntemail>mscservices@riskmapcds.com</cntemail>
      </cntinfo>
    </ptcontac>
    <native>Original data development environment may vary.  Finishing of the data is done using Esri's ArcGIS software.  The geodatabase was created using ArcGIS version 10.1.</native>
  </idinfo>
  <dataqual>
    <attracc>
      <attraccr>The NFHL incorporates all FIRM Databases published by FEMA and any LOMRs that have been issued against those databases since their publication date.  The NFHL consists of vector files and associated attributes produced in conjunction with the hardcopy FEMA FIRM. The published effective FIRM and FIRM Database are issued as the official designation of the SFHAs. As such they are adopted by local communities and form the basis for administration of the NFIP. For these purposes they are authoritative. Provisions exist in the regulations for public review, appeals and corrections of the flood risk information shown to better match real world conditions. As with any engineering analysis of this type, variation from the estimated flood heights and floodplain boundaries is possible. Details of FEMA's requirements for the FISs and flood mapping process that produces these data are available in the Guidelines and Standards for Flood Risk Analysis and Mapping. Attribute accuracy was tested by manual comparison of source graphics with hardcopy plots and a symbolized display on an interactive computer graphic system. 
Independent quality control testing of the individual FIRM Database components of the NFHL was also performed.
To obtain more detailed information in areas where Base Flood Elevations (BFEs) and/or floodways have been determined, users are encouraged to consult the Flood Profiles and Floodway Data and/or Summary of Stillwater Elevations tables contained within the FIS reports that accompany the individual FIRM Database components of the NFHL. Users should be aware that BFEs shown in the S_BFE table may represent rounded whole-foot elevations. These BFEs are intended for flood insurance rating purposes only and should not be used as the sole source of flood elevation information. Accordingly, flood elevation data presented in the FIS report must be used in conjunction with the FIRM for purposes of construction and/or floodplain management. The 1-percent-annual-chance water-surface elevations shown in the S_XS table match the regulatory elevations shown in the FIS report.</attraccr>
    </attracc>
    <logic>When FEMA revises an FIS, adjacent studies are checked to ensure agreement between flood elevations at the boundaries. Likewise flood elevations at the confluence of streams studied independently are checked to ensure agreement at the confluence. The FIRM and the FIS are developed together and care is taken to ensure that the elevations and other features shown on the flood profiles in the FIS agree with the information shown on the FIRM. However, the elevations as shown on the FIRM may represent rounded whole-foot elevations. They must be shown so that a profile recreated from the elevations on the FIRM will match the FIS profiles within one half of one foot.</logic>
    <complete>Data contained in the NFHL reflects the content of the source materials. Features may have been eliminated or generalized on the source graphic, due to scale and legibility constraints. With new mapping, FEMA plans to maintain full detail in the spatial data it produces. However, older information is often transferred from existing maps where some generalization has taken place. Flood risk data are developed for communities participating in the NFIP for use in insurance rating and for floodplain management. Flood hazard areas are determined using statistical analyses of records of river flow, storm tides, and rainfall; information obtained through consultation with the communities; floodplain topographic surveys; and hydrological and hydraulic analysis. Generally, regulatory water surface elevations and/or regulatory floodways are published only for developed or developing areas of communities. For areas where little or no development is expected to occur, FEMA may generate flood risk data without published water surface elevations.  Typically, only drainage areas that are greater than one square mile and with an average of one foot of flood depth or greater are studied.

Note: The NFHL reflects the most current information available when the distribution data set was created. Currently, not all areas of a State or Territory have effective FIRM Database data. As a result, users may need to refer to the effective FIRM for effective flood hazard information.</complete>
    <posacc>
      <horizpa>
        <horizpar>The NFHL consists of vector files and associated attributes produced in conjunction with the hardcopy FEMA FIRM. The published effective FIRM and FIRM Database are issued as the official designation of the SFHAs. As such they are adopted by local communities and form the basis for administration of the NFIP. For these purposes they are authoritative. Provisions exist in the regulations for public review, appeals and corrections of the flood risk information shown to better match real world conditions. As with any engineering analysis of this type, variation from the estimated flood heights and floodplain boundaries is possible. Details of FEMA's requirements for the FISs and flood mapping process that produces these data are available in the Guidelines and Standards for Flood Risk Analysis and Mapping. Horizontal accuracy was tested by manual comparison of source graphics with hardcopy plots and a symbolized display on an interactive computer graphic system. Independent quality control testing of the individual FIRM Database components of the NFHL was also performed.</horizpar>
      </horizpa>
      <vertacc>
        <vertaccr>The NFHL consists of vector files and associated attributes produced in conjunction with the hardcopy FEMA FIRM. The published effective FIRM and FIRM Database are issued as the official designation of the SFHAs. As such they are adopted by local communities and form the basis for administration of the NFIP. For these purposes they are authoritative. Provisions exist in the regulations for public review, appeals and corrections of the flood risk information shown to better match real world conditions. As with any engineering analysis of this type, variation from the estimated flood heights and floodplain boundaries is possible. Details of FEMA's requirements for the FISs and flood mapping process that produces these data are available in the Guidelines and Standards for Flood Risk Analysis and Mapping. 

The reliability of the floodplain boundary delineation is quantified by comparing the computed flood elevation to the ground elevation at the mapped floodplain boundary.  The tolerance for how precisely the flood elevation and the ground elevation must match varies based on the flood risk class, which is a function of population, population density, and/or anticipated growth in floodplain areas.  A horizontal accuracy of +/- 38 feet is used to determine the compliance with the vertical tolerances defined for each risk class.  The range of differences between the ground elevation (defined from the topographic data used for the Flood Risk Project) and the computed flood elevation is between +/- 1.0 foot at the 95% confidence interval for areas with high population within the floodplain and/or high anticipated growth and Special Flood Hazard Areas (SFHAs) with high flood risk to +/- one-half the contour interval at the 85% confidence interval for areas with low population and densities within the floodplain and small or no anticipated growth and SFHAs with low flood risk. Independent quality control testing of the individual FIRM Database components of the NFHL was also performed.</vertaccr>
      </vertacc>
    </posacc>
    <lineage>

      <procstep>
        <procdesc>The NFHL dataset is a compilation of effective FIRM Databases (a collection of the digital data that are used in GIS systems for creating new Flood Insurance Rate Maps) and Letters of Map Change (Letters of Map Amendment and Letters of Map Revision only) that create a seamless GIS data layer for a State or Territory. It is updated on a monthly basis. 

The FIRM Databases are compiled in conjunction with the hardcopy FIRMs and the final FIS reports. The specifics of the hydrologic and hydraulic analyses performed are detailed in the FIS reports available for each jurisdiction. The results of these studies are submitted in digital format to FEMA. These data and unrevised data from effective FIRMs are compiled onto the base map used for FIRM publication and checked for accuracy and compliance with FEMA standards. As new FIRM Databases are received the individual FIRM layers are sewn into the nationwide layers of the NFHL.  LOMRs for the FIRM Databases in the NFHL are cut directly into the NFHL data layers as they are being produced and finalized.</procdesc>
        <procdate>20150130</procdate>
      </procstep>
    </lineage>
  </dataqual>
  <spref>
    <horizsys>
      <geograph>
        <latres>1.3096e-009</latres>
        <longres>1.3096e-009</longres>
        <geogunit>Decimal degrees</geogunit>
      </geograph>
      <geodetic>
        <horizdn>North American Datum of 1983</horizdn>
        <ellips>Geodetic Reference System 80</ellips>
        <semiaxis>6378137.0</semiaxis>
        <denflat>298.257222101</denflat>
      </geodetic>
    </horizsys>
    <vertdef>
      <altsys>
        <altdatum>North American Vertical Datum of 1988 and National Geodetic Vertical Datum of 1929</altdatum>
        <altres>0.03</altres>
        <altunits>feet</altunits>
        <altenc>Attribute values</altenc>
      </altsys>
    </vertdef>
  </spref>
  <eainfo>
    <detailed>
      <enttyp>
        <enttypl>S_Alluvial_Fan</enttypl>
        <enttypd>Location and attributes for alluvial fan areas shown on the FIRM.</enttypd>
        <enttypds>FEMA FIRM Database Technical Reference (available in the FEMA Library at http://www.fema.gov/media-library/assets/documents/34519).</enttypds>
      </enttyp>
    </detailed>
    <detailed>
      <enttyp>
        <enttypl>S_Base_Index</enttypl>
        <enttypd>Location and attributes for a tiling index for raster data used for the FIRM base map.</enttypd>
        <enttypds>FEMA FIRM Database Technical Reference (available in the FEMA Library at http://www.fema.gov/media-library/assets/documents/34519).</enttypds>
      </enttyp>
    </detailed>
    <detailed>
      <enttyp>
        <enttypl>S_BFE</enttypl>
        <enttypd>Location and attributes for base flood elevations lines shown on the FIRM.</enttypd>
        <enttypds>FEMA FIRM Database Technical Reference (available in the FEMA Library at http://www.fema.gov/media-library/assets/documents/34519).</enttypds>
      </enttyp>
    </detailed>
    <detailed>
      <enttyp>
        <enttypl>S_CBRS</enttypl>
        <enttypd>Location and attributes for Coastal Barrier Resource System units shown on the FIRM.</enttypd>
        <enttypds>FEMA FIRM Database Technical Reference (available in the FEMA Library at http://www.fema.gov/media-library/assets/documents/34519).</enttypds>
      </enttyp>
    </detailed>
    <detailed>
      <enttyp>
        <enttypl>S_Cst_Gage</enttypl>
        <enttypd>Location and attributes for the coastal gages for the study area.</enttypd>
        <enttypds>FEMA FIRM Database Technical Reference (available in the FEMA Library at http://www.fema.gov/media-library/assets/documents/34519).</enttypds>
      </enttyp>
    </detailed>
    <detailed>
      <enttyp>
        <enttypl>S_Cst_Tsct_Ln</enttypl>
        <enttypd>Location and attributes for coastal transect lines shown on the FIRM.</enttypd>
        <enttypds>FEMA FIRM Database Technical Reference (available in the FEMA Library at http://www.fema.gov/media-library/assets/documents/34519).</enttypds>
      </enttyp>
    </detailed>
    <detailed>
      <enttyp>
        <enttypl>S_Datum_Conv_Pt</enttypl>
        <enttypd>Location and attributes for points used to calculate vertical datum conversion factors.</enttypd>
        <enttypds>FEMA FIRM Database Technical Reference (available in the FEMA Library at http://www.fema.gov/media-library/assets/documents/34519).</enttypds>
      </enttyp>
    </detailed>
    <detailed>
      <enttyp>
        <enttypl>S_FIRM_Pan</enttypl>
        <enttypd>Location and attributes for FIRM hardcopy map panels.</enttypd>
        <enttypds>FEMA FIRM Database Technical Reference (available in the FEMA Library at http://www.fema.gov/media-library/assets/documents/34519).</enttypds>
      </enttyp>
    </detailed>
    <detailed>
      <enttyp>
        <enttypl>S_Fld_Haz_Ar</enttypl>
        <enttypd>Location and attributes flood insurance risk zones shown on the FIRM.</enttypd>
        <enttypds>FEMA FIRM Database Technical Reference (available in the FEMA Library at http://www.fema.gov/media-library/assets/documents/34519).</enttypds>
      </enttyp>
    </detailed>
    <detailed>
      <enttyp>
        <enttypl>S_Fld_Haz_Ln</enttypl>
        <enttypd>Location and attributes for boundaries of flood insurance risk zones shown on the FIRM.</enttypd>
        <enttypds>FEMA FIRM Database Technical Reference (available in the FEMA Library at http://www.fema.gov/media-library/assets/documents/34519).</enttypds>
      </enttyp>
    </detailed>
    <detailed>
      <enttyp>
        <enttypl>S_Gage</enttypl>
        <enttypd>Location and attributes for riverine gages used to determine discharges for the study area.</enttypd>
        <enttypds>FEMA FIRM Database Technical Reference (available in the FEMA Library at http://www.fema.gov/media-library/assets/documents/34519).</enttypds>
      </enttyp>
    </detailed>
    <detailed>
      <enttyp>
        <enttypl>S_Gen_Struct</enttypl>
        <enttypd>Location and attributes for flood control structures shown on the FIRM.</enttypd>
        <enttypds>FEMA FIRM Database Technical Reference (available in the FEMA Library at http://www.fema.gov/media-library/assets/documents/34519).</enttypds>
      </enttyp>
    </detailed>
    <detailed>
      <enttyp>
        <enttypl>S_HWM</enttypl>
        <enttypd>Location and attributes for historic high water marks for the study area.</enttypd>
        <enttypds>FEMA FIRM Database Technical Reference (available in the FEMA Library at http://www.fema.gov/media-library/assets/documents/34519).</enttypds>
      </enttyp>
    </detailed>
    <detailed>
      <enttyp>
        <enttypl>S_Hydro_Reach</enttypl>
        <enttypd>Location and attributes for lines that represent the connectivity between the subbasins and flow direction between nodes within the study area.</enttypd>
        <enttypds>FEMA FIRM Database Technical Reference (available in the FEMA Library at http://www.fema.gov/media-library/assets/documents/34519).</enttypds>
      </enttyp>
    </detailed>
    <detailed>
      <enttyp>
        <enttypl>S_Label_Ld</enttypl>
        <enttypd>Location and attributes for leader lines for labels shown on the FIRM.</enttypd>
        <enttypds>FEMA FIRM Database Technical Reference (available in the FEMA Library at http://www.fema.gov/media-library/assets/documents/34519).</enttypds>
      </enttyp>
    </detailed>
    <detailed>
      <enttyp>
        <enttypl>S_Label_Pt</enttypl>
        <enttypd>Location and attributes for labels shown on the FIRM.</enttypd>
        <enttypds>FEMA FIRM Database Technical Reference (available in the FEMA Library at http://www.fema.gov/media-library/assets/documents/34519).</enttypds>
      </enttyp>
    </detailed>
    <detailed>
      <enttyp>
        <enttypl>S_Levee</enttypl>
        <enttypd>A spatial dataset consisting of lines that represent the centerlines of levees.</enttypd>
        <enttypds>FEMA FIRM Database Technical Reference (available in the FEMA Library at http://www.fema.gov/media-library/assets/documents/34519).</enttypds>
      </enttyp>
    </detailed>
    <detailed>
      <enttyp>
        <enttypl>S_LiMWA</enttypl>
        <enttypd>A spatial data set consisting of lines that depict the limit of 18-inch or greater coastal waves in a Coastal AE Zone.</enttypd>
        <enttypds>FEMA FIRM Database Technical Reference (available in the FEMA Library at http://www.fema.gov/media-library/assets/documents/34519).</enttypds>
      </enttyp>
    </detailed>
    <detailed>
      <enttyp>
        <enttypl>S_LOMR</enttypl>
        <enttypd>A spatial data set consisting of polygons that depict effective LOMRs that have been incorporated into the NFHL since the last publication of the FIRM panel for the area.</enttypd>
        <enttypds>FEMA FIRM Database Technical Reference (available in the FEMA Library at http://www.fema.gov/media-library/assets/documents/34519).</enttypds>
      </enttyp>
    </detailed>
    <detailed>
      <enttyp>
        <enttypl>S_Nodes</enttypl>
        <enttypd>Location and attributes of points that depict locations of computed discharges for the 10-, 2-, 1-, and 0.2-percent-annual-chance floods.</enttypd>
        <enttypds>FEMA FIRM Database Technical Reference (available in the FEMA Library at http://www.fema.gov/media-library/assets/documents/34519).</enttypds>
      </enttyp>
    </detailed>
    <detailed>
      <enttyp>
        <enttypl>S_PFD_Ln</enttypl>
        <enttypd>Location and attributes for the primary frontal dune features for the coastal study area.</enttypd>
        <enttypds>FEMA FIRM Database Technical Reference (available in the FEMA Library at http://www.fema.gov/media-library/assets/documents/34519).</enttypds>
      </enttyp>
    </detailed>
    <detailed>
      <enttyp>
        <enttypl>S_PLSS_Ar</enttypl>
        <enttypd>Location and attributes of sections, townships and ranges shown on the FIRM.</enttypd>
        <enttypds>FEMA FIRM Database Technical Reference (available in the FEMA Library at http://www.fema.gov/media-library/assets/documents/34519).</enttypds>
      </enttyp>
    </detailed>
    <detailed>
      <enttyp>
        <enttypl>S_Pol_Ar</enttypl>
        <enttypd>Location and attributes for political jurisdictions shown on the FIRM.</enttypd>
        <enttypds>FEMA FIRM Database Technical Reference (available in the FEMA Library at http://www.fema.gov/media-library/assets/documents/34519).</enttypds>
      </enttyp>
    </detailed>
    <detailed>
      <enttyp>
        <enttypl>S_Profil_BasLn</enttypl>
        <enttypd>A spatial data set consisting of lines showing the flow path used for floodplain modeling and mapping.</enttypd>
        <enttypds>FEMA FIRM Database Technical Reference (available in the FEMA Library at http://www.fema.gov/media-library/assets/documents/34519).</enttypds>
      </enttyp>
    </detailed>
    <detailed>
      <enttyp>
        <enttypl>S_Riv_Mrk</enttypl>
        <enttypd>Location and attributes for river mile markers shown on the FIRM.</enttypd>
        <enttypds>FEMA FIRM Database Technical Reference (available in the FEMA Library at http://www.fema.gov/media-library/assets/documents/34519).</enttypds>
      </enttyp>
    </detailed>
    <detailed>
      <enttyp>
        <enttypl>S_Stn_Start</enttypl>
        <enttypd>A spatial data set consisting of points indicating the location of the reference point that was used as the origin for distance measurements along streams and rivers.</enttypd>
        <enttypds>FEMA FIRM Database Technical Reference (available in the FEMA Library at http://www.fema.gov/media-library/assets/documents/34519).</enttypds>
      </enttyp>
    </detailed>
    <detailed>
      <enttyp>
        <enttypl>S_Subbasins</enttypl>
        <enttypd>Location and attributes for subbasins used in the hydrologic analysis.</enttypd>
        <enttypds>FEMA FIRM Database Technical Reference (available in the FEMA Library at http://www.fema.gov/media-library/assets/documents/34519).</enttypds>
      </enttyp>
    </detailed>
    <detailed>
      <enttyp>
        <enttypl>S_Submittal_Info</enttypl>
        <enttypd>A spatial data set consisting of polygons depicting the extents of the studied area.</enttypd>
        <enttypds>FEMA FIRM Database Technical Reference (available in the FEMA Library at http://www.fema.gov/media-library/assets/documents/34519).</enttypds>
      </enttyp>
    </detailed>
    <detailed>
      <enttyp>
        <enttypl>S_Topo_Confidence</enttypl>
        <enttypd>A spatial dataset consisting of polygons depicting areas of low confidence topographic data.</enttypd>
        <enttypds>FEMA FIRM Database Technical Reference (available in the FEMA Library at http://www.fema.gov/media-library/assets/documents/34519).</enttypds>
      </enttyp>
    </detailed>
    <detailed>
      <enttyp>
        <enttypl>S_Trnsport_Ln</enttypl>
        <enttypd>Location and attributes for roads, railroads and other transportation features shown on the FIRM.</enttypd>
        <enttypds>FEMA FIRM Database Technical Reference (available in the FEMA Library at http://www.fema.gov/media-library/assets/documents/34519).</enttypds>
      </enttyp>
    </detailed>
    <detailed>
      <enttyp>
        <enttypl>S_Tsct_Basln</enttypl>
        <enttypd>A spatial data set consisting of lines that represent the 0.0-foot elevation contour used for coastal modeling and mapping.</enttypd>
        <enttypds>FEMA FIRM Database Technical Reference (available in the FEMA Library at http://www.fema.gov/media-library/assets/documents/34519).</enttypds>
      </enttyp>
    </detailed>
    <detailed>
      <enttyp>
        <enttypl>S_Wtr_Ar</enttypl>
        <enttypd>Location and attributes for hydrography features shown on the FIRM.</enttypd>
        <enttypds>FEMA FIRM Database Technical Reference (available in the FEMA Library at http://www.fema.gov/media-library/assets/documents/34519).</enttypds>
      </enttyp>
    </detailed>
    <detailed>
      <enttyp>
        <enttypl>S_Wtr_Ln</enttypl>
        <enttypd>Location and attributes for hydrography features shown on the FIRM.</enttypd>
        <enttypds>FEMA FIRM Database Technical Reference (available in the FEMA Library at http://www.fema.gov/media-library/assets/documents/34519).</enttypds>
      </enttyp>
    </detailed>
    <detailed>
      <enttyp>
        <enttypl>S_XS</enttypl>
        <enttypd>Location and attributes for cross-section lines in the area covered by the FIRM.</enttypd>
        <enttypds>FEMA FIRM Database Technical Reference (available in the FEMA Library at http://www.fema.gov/media-library/assets/documents/34519).</enttypds>
      </enttyp>
    </detailed>
    <overview>
      <eaover>The NFHL is made up of several data themes containing both spatial and attribute information. These data together represent the current flood risk for the subject area as identified by FEMA. The attribute tables include SFHA locations, flood zone designations, BFEs, political entities, cross-section locations, FIRM panel information, and other data related to the NFIP.</eaover>
      <eadetcit>FEMA's FIRM Database Technical Reference contains a detailed description of each attribute code and a reference to other relevant information.</eadetcit>
      <eadetcit>The following tables may be included in this data set: L_Comm_Info L_Comm_Revis  L_Cst_Model  L_Cst_Struct L_Cst_Tsct_Elev L_ManningsN  L_Meetings  L_MT2_LOMR  L_Mtg_POC  L_Pan_Revis  L_Pol_FHBM  L_Profil_Bkwtr_El  L_Profil_Label L_Profil_Panel  L_Source_Cit  L_Summary_Discharges L_Summary_Elevations  L_Survey_Pt  L_XS_Elev  L_XS_Struct S_Alluvial_Fan  S_Base_Index  S_BFE  S_CBRS  S_Cst_Gage S_Cst_Tsct_Ln  S_Datum_Conv_Pt  S_FIRM_Pan  S_Fld_Haz_Ar S_Fld_Haz_Ln  S_Gage  S_Gen_Struct  S_HWM  S_Hydro_Reach S_Label_Ld  S_Label_Pt  S_Levee  S_LiMWA  S_LOMR S_Nodes  S_PFD_Ln S_PLSS_Ar  S_Pol_Ar  S_Profil_Basln  S_Riv_Mrk  S_Stn_Start S_Subbasins  S_Submittal_Info  S_Topo_Confidence  S_Trnsport_Ln S_Tsct_Basln  S_Wtr_Ar  S_Wtr_Ln  S_XS  Study_Info</eadetcit>
    </overview>
  </eainfo>
  <distinfo>
    <distrib>
      <cntinfo>
        <cntorgp>
          <cntorg>FEMA, Flood Map Service Center</cntorg>
        </cntorgp>
        <cntaddr>
          <addrtype>mailing</addrtype>
          <address>P.O. Box 3617</address>
          <city>Oakton</city>
          <state>Virginia</state>
          <postal>22124</postal>
          <country>USA</country>
        </cntaddr>
        <cntvoice>1-877-336-2627</cntvoice>
        <cntemail>mscservices@riskmapcds.com</cntemail>
        <cntinst>Data requests must include the name and FIPS code of each State or Territory covered by the request, along with an MSC account number if applicable.</cntinst>
      </cntinfo>
    </distrib>
    <distliab>No warranty expressed or implied is made by FEMA regarding the utility of the data on any other system nor shall the act of distribution constitute any such warranty.</distliab>
    <stdorder>
      <digform>
        <digtinfo>
          <formname>Esri Shapefile</formname>
        </digtinfo>
        <digtopt>
          <onlinopt>
            <computer>
              <networka>
                <networkr>http://msc.fema.gov</networkr>
              </networka>
            </computer>
          </onlinopt>
        </digtopt>
      </digform>
      <digform>
        <digtinfo>
          <formname>fGDB</formname>
        </digtinfo>
        <digtopt>
          <onlinopt>
            <computer>
              <networka>
                <networkr>http://msc.fema.gov</networkr>
              </networka>
            </computer>
          </onlinopt>
        </digtopt>
      </digform>
      <fees>Contact Distributor</fees>
    </stdorder>
  </distinfo>
  <metainfo>
    <metd>20150130</metd>
    <metc>
      <cntinfo>
        <cntperp>
          <cntper>Flood Map Service Center</cntper>
          <cntorg>Federal Emergency Management Agency</cntorg>
        </cntperp>
        <cntaddr>
          <addrtype>mailing</addrtype>
          <address>500 C Street, S.W.</address>
          <city>Washington</city>
          <state>District of Columbia</state>
          <postal>20472</postal>
          <country>USA</country>
        </cntaddr>
        <cntvoice>1-877-336-2627</cntvoice>
        <cntemail>mscservices@riskmapcds.com</cntemail>
      </cntinfo>
    </metc>
    <metstdn>FGDC Content Standards for Digital Geospatial Metadata</metstdn>
    <metstdv>FGDC-STD-001-1998</metstdv>
    <metextns>
      <onlink>http://hazards.fema.gov</onlink>
      <onlink>http://www.epsg.org</onlink>
      <metprof>FEMA NFIP Metadata Content and Format Standard</metprof>
    </metextns>
  </metainfo>
</metadata>

