{
"type": "FeatureCollection",
"name": "kc_lr_station_2040",
"crs": { "type": "name", "properties": { "name": "urn:ogc:def:crs:OGC:1.3:CRS84" } },
"features": [
{ "type": "Feature", "properties": { "Name": "Husky Stadium Station" }, "geometry": { "type": "Point", "coordinates": [ -122.303787190728997, 47.65007022447891 ] } },
{ "type": "Feature", "properties": { "Name": "Westlake Station" }, "geometry": { "type": "Point", "coordinates": [ -122.336690246550532, 47.611652123525161 ] } },
{ "type": "Feature", "properties": { "Name": "University St Station" }, "geometry": { "type": "Point", "coordinates": [ -122.336153862337355, 47.607813939487201 ] } },
{ "type": "Feature", "properties": { "Name": "Pioneer Square Station" }, "geometry": { "type": "Point", "coordinates": [ -122.3315496049931, 47.602798392776819 ] } },
{ "type": "Feature", "properties": { "Name": "International District Station" }, "geometry": { "type": "Point", "coordinates": [ -122.328085937873752, 47.598450288431202 ] } },
{ "type": "Feature", "properties": { "Name": "Capitol Hill Station" }, "geometry": { "type": "Point", "coordinates": [ -122.320287453283328, 47.619634286306862 ] } },
{ "type": "Feature", "properties": { "Name": "Stadium Station" }, "geometry": { "type": "Point", "coordinates": [ -122.327255136759462, 47.592086841559919 ] } },
{ "type": "Feature", "properties": { "Name": "SODO Station" }, "geometry": { "type": "Point", "coordinates": [ -122.32743062560894, 47.580017122379296 ] } },
{ "type": "Feature", "properties": { "Name": "Beacon Hill Station" }, "geometry": { "type": "Point", "coordinates": [ -122.312112239769704, 47.578938285796497 ] } },
{ "type": "Feature", "properties": { "Name": "Mt Baker Station" }, "geometry": { "type": "Point", "coordinates": [ -122.29772940249218, 47.576553390506334 ] } },
{ "type": "Feature", "properties": { "Name": "Columbia City Station" }, "geometry": { "type": "Point", "coordinates": [ -122.292739859397599, 47.559726750046167 ] } },
{ "type": "Feature", "properties": { "Name": "Othello Station" }, "geometry": { "type": "Point", "coordinates": [ -122.281616152817264, 47.537990614900885 ] } },
{ "type": "Feature", "properties": { "Name": "Rainier Beach Station" }, "geometry": { "type": "Point", "coordinates": [ -122.279449454230956, 47.522441851488558 ] } },
{ "type": "Feature", "properties": { "Name": "Tukwila International Station" }, "geometry": { "type": "Point", "coordinates": [ -122.287795484121929, 47.463977885630946 ] } },
{ "type": "Feature", "properties": { "Name": "SeaTac Airport Station" }, "geometry": { "type": "Point", "coordinates": [ -122.296989335832819, 47.44534304097094 ] } },
{ "type": "Feature", "properties": { "Name": "Angle Lake Station" }, "geometry": { "type": "Point", "coordinates": [ -122.297894064861069, 47.422548702544013 ] } },
{ "type": "Feature", "properties": { "Name": "Tacoma Dome Station" }, "geometry": { "type": "Point", "coordinates": [ -122.427716912094382, 47.239719033891006 ] } },
{ "type": "Feature", "properties": { "Name": "S 25th St Station" }, "geometry": { "type": "Point", "coordinates": [ -122.434048787035394, 47.239052220307052 ] } },
{ "type": "Feature", "properties": { "Name": "Union Station" }, "geometry": { "type": "Point", "coordinates": [ -122.436834135309539, 47.244761836448994 ] } },
{ "type": "Feature", "properties": { "Name": "Convention Center Station" }, "geometry": { "type": "Point", "coordinates": [ -122.438378620203466, 47.24947575689098 ] } },
{ "type": "Feature", "properties": { "Name": "Commerce Station" }, "geometry": { "type": "Point", "coordinates": [ -122.43912022660335, 47.252688587329281 ] } },
{ "type": "Feature", "properties": { "Name": "Theater District Station" }, "geometry": { "type": "Point", "coordinates": [ -122.439963090757814, 47.256403707623484 ] } },
{ "type": "Feature", "properties": { "Name": null }, "geometry": { "type": "Point", "coordinates": [ -122.332108003435678, 47.62788477830825 ] } },
{ "type": "Feature", "properties": { "Name": null }, "geometry": { "type": "Point", "coordinates": [ -122.336731372213464, 47.625871333540402 ] } },
{ "type": "Feature", "properties": { "Name": null }, "geometry": { "type": "Point", "coordinates": [ -122.338575716059708, 47.62445449893093 ] } },
{ "type": "Feature", "properties": { "Name": null }, "geometry": { "type": "Point", "coordinates": [ -122.338609742210139, 47.621433640566693 ] } },
{ "type": "Feature", "properties": { "Name": null }, "geometry": { "type": "Point", "coordinates": [ -122.338495161159756, 47.617836182586466 ] } },
{ "type": "Feature", "properties": { "Name": null }, "geometry": { "type": "Point", "coordinates": [ -122.33793323782912, 47.614837398786555 ] } },
{ "type": "Feature", "properties": { "Name": null }, "geometry": { "type": "Point", "coordinates": [ -122.337640437812311, 47.613298967926546 ] } },
{ "type": "Feature", "properties": { "Name": null }, "geometry": { "type": "Point", "coordinates": [ -122.337336836564432, 47.621429016734801 ] } },
{ "type": "Feature", "properties": { "Name": null }, "geometry": { "type": "Point", "coordinates": [ -122.337312244610061, 47.623318104436912 ] } },
{ "type": "Feature", "properties": { "Name": "University District Station" }, "geometry": { "type": "Point", "coordinates": [ -122.314170854323166, 47.660495730947886 ] } },
{ "type": "Feature", "properties": { "Name": "Roosevelt Station" }, "geometry": { "type": "Point", "coordinates": [ -122.316037183025941, 47.676601954292614 ] } },
{ "type": "Feature", "properties": { "Name": "Northgate Station" }, "geometry": { "type": "Point", "coordinates": [ -122.328273692846423, 47.703017836068447 ] } },
{ "type": "Feature", "properties": { "Name": "130th St Station" }, "geometry": { "type": "Point", "coordinates": [ -122.323938631042608, 47.723470521304435 ] } },
{ "type": "Feature", "properties": { "Name": "145th St Station" }, "geometry": { "type": "Point", "coordinates": [ -122.325439532116064, 47.736362449066505 ] } },
{ "type": "Feature", "properties": { "Name": "185th St Station" }, "geometry": { "type": "Point", "coordinates": [ -122.322984615888501, 47.764177798908541 ] } },
{ "type": "Feature", "properties": { "Name": "Mountlake Terrace Station" }, "geometry": { "type": "Point", "coordinates": [ -122.315012346670457, 47.785777388169855 ] } },
{ "type": "Feature", "properties": { "Name": "Lynnwood Station" }, "geometry": { "type": "Point", "coordinates": [ -122.293869119426375, 47.816295696751247 ] } },
{ "type": "Feature", "properties": { "Name": "Alderwood Station" }, "geometry": { "type": "Point", "coordinates": [ -122.27508754404613, 47.826515573838023 ] } },
{ "type": "Feature", "properties": { "Name": "Ash Way Station" }, "geometry": { "type": "Point", "coordinates": [ -122.258067046432458, 47.851770414027946 ] } },
{ "type": "Feature", "properties": { "Name": "Mariner P&R Station" }, "geometry": { "type": "Point", "coordinates": [ -122.237548975732636, 47.880066214883392 ] } },
{ "type": "Feature", "properties": { "Name": "SR-99\/Airport Rd Station" }, "geometry": { "type": "Point", "coordinates": [ -122.258357087992792, 47.889728628500798 ] } },
{ "type": "Feature", "properties": { "Name": "SW Everett Industrial Center Station" }, "geometry": { "type": "Point", "coordinates": [ -122.270048636982224, 47.921663922496194 ] } },
{ "type": "Feature", "properties": { "Name": "SR-526\/Evergreen Station" }, "geometry": { "type": "Point", "coordinates": [ -122.228378418600698, 47.923688797547435 ] } },
{ "type": "Feature", "properties": { "Name": "Everett Station" }, "geometry": { "type": "Point", "coordinates": [ -122.197584208323306, 47.97435726054502 ] } },
{ "type": "Feature", "properties": { "Name": "Kent-Des Moines Station" }, "geometry": { "type": "Point", "coordinates": [ -122.294781966544406, 47.388878485728554 ] } },
{ "type": "Feature", "properties": { "Name": "S 272nd St Station" }, "geometry": { "type": "Point", "coordinates": [ -122.297630403887894, 47.358807383235686 ] } },
{ "type": "Feature", "properties": { "Name": "Federal Way Station" }, "geometry": { "type": "Point", "coordinates": [ -122.304630063904227, 47.315857629502283 ] } },
{ "type": "Feature", "properties": { "Name": "S Federal Way Station" }, "geometry": { "type": "Point", "coordinates": [ -122.309229516492877, 47.285430216346583 ] } },
{ "type": "Feature", "properties": { "Name": "Fife Station" }, "geometry": { "type": "Point", "coordinates": [ -122.353790894518554, 47.241357751415812 ] } },
{ "type": "Feature", "properties": { "Name": "East Tacoma Station" }, "geometry": { "type": "Point", "coordinates": [ -122.411895319420054, 47.240068781685991 ] } },
{ "type": "Feature", "properties": { "Name": "4th & Broadway Station" }, "geometry": { "type": "Point", "coordinates": [ -122.443205497623168, 47.260898096391188 ] } },
{ "type": "Feature", "properties": { "Name": "Division & St Helens Station" }, "geometry": { "type": "Point", "coordinates": [ -122.446980035785302, 47.264126037942788 ] } },
{ "type": "Feature", "properties": { "Name": "Division & MLK Station" }, "geometry": { "type": "Point", "coordinates": [ -122.453646300109313, 47.260737612490786 ] } },
{ "type": "Feature", "properties": { "Name": "6th & MLK Station" }, "geometry": { "type": "Point", "coordinates": [ -122.452814567555023, 47.257102099755137 ] } },
{ "type": "Feature", "properties": { "Name": "11th & MLK Station" }, "geometry": { "type": "Point", "coordinates": [ -122.451623663449041, 47.251958752925304 ] } },
{ "type": "Feature", "properties": { "Name": "18th & MLK Station" }, "geometry": { "type": "Point", "coordinates": [ -122.449960463317041, 47.244743513008075 ] } },
{ "type": "Feature", "properties": { "Name": "Hilltop Station" }, "geometry": { "type": "Point", "coordinates": [ -122.456950538703509, 47.243062566250245 ] } },
{ "type": "Feature", "properties": { "Name": "Sprague Station" }, "geometry": { "type": "Point", "coordinates": [ -122.466246607583116, 47.242795369197971 ] } },
{ "type": "Feature", "properties": { "Name": "Union St Station" }, "geometry": { "type": "Point", "coordinates": [ -122.482222132997023, 47.242799178635579 ] } },
{ "type": "Feature", "properties": { "Name": "Stevens Station" }, "geometry": { "type": "Point", "coordinates": [ -122.495116876982735, 47.24297286436493 ] } },
{ "type": "Feature", "properties": { "Name": "Pearl Station" }, "geometry": { "type": "Point", "coordinates": [ -122.515383107818181, 47.242986061722796 ] } },
{ "type": "Feature", "properties": { "Name": "Tacoma Communtiy College Station" }, "geometry": { "type": "Point", "coordinates": [ -122.523711074153894, 47.242927425230029 ] } },
{ "type": "Feature", "properties": { "Name": "Judkins Park Station" }, "geometry": { "type": "Point", "coordinates": [ -122.304256655031054, 47.590237009408504 ] } },
{ "type": "Feature", "properties": { "Name": "Mercer Island Station" }, "geometry": { "type": "Point", "coordinates": [ -122.232188018948221, 47.58778807348444 ] } },
{ "type": "Feature", "properties": { "Name": "South Bellevue Station" }, "geometry": { "type": "Point", "coordinates": [ -122.190077496348053, 47.585549810831409 ] } },
{ "type": "Feature", "properties": { "Name": "East Main Station" }, "geometry": { "type": "Point", "coordinates": [ -122.191053154275522, 47.609669134864482 ] } },
{ "type": "Feature", "properties": { "Name": "Bellevue Station" }, "geometry": { "type": "Point", "coordinates": [ -122.192203511780519, 47.615479234645846 ] } },
{ "type": "Feature", "properties": { "Name": "Wilburton Station" }, "geometry": { "type": "Point", "coordinates": [ -122.183555572150993, 47.617588763873314 ] } },
{ "type": "Feature", "properties": { "Name": "Spring District\/120th Station" }, "geometry": { "type": "Point", "coordinates": [ -122.178263937272959, 47.623890552396873 ] } },
{ "type": "Feature", "properties": { "Name": "Bel-Red\/130th Station" }, "geometry": { "type": "Point", "coordinates": [ -122.165717377444125, 47.624391174487847 ] } },
{ "type": "Feature", "properties": { "Name": "Overlake Village Station" }, "geometry": { "type": "Point", "coordinates": [ -122.138705919711512, 47.636419743406769 ] } },
{ "type": "Feature", "properties": { "Name": "Redmond Technology Station" }, "geometry": { "type": "Point", "coordinates": [ -122.13369709783035, 47.645456878509556 ] } },
{ "type": "Feature", "properties": { "Name": "SE Redmond Station" }, "geometry": { "type": "Point", "coordinates": [ -122.110030316705462, 47.667223963764684 ] } },
{ "type": "Feature", "properties": { "Name": "Redmond Downtown Station" }, "geometry": { "type": "Point", "coordinates": [ -122.120061642581632, 47.672016621586735 ] } },
{ "type": "Feature", "properties": { "Name": "South Kirkland Station" }, "geometry": { "type": "Point", "coordinates": [ -122.19546795533364, 47.644584858555248 ] } },
{ "type": "Feature", "properties": { "Name": "Richads Rd Station" }, "geometry": { "type": "Point", "coordinates": [ -122.169160106103632, 47.580849077852349 ] } },
{ "type": "Feature", "properties": { "Name": "Eastgate Station" }, "geometry": { "type": "Point", "coordinates": [ -122.152196309241916, 47.580100148225441 ] } },
{ "type": "Feature", "properties": { "Name": "Lakemont Station" }, "geometry": { "type": "Point", "coordinates": [ -122.102541740798443, 47.567126950891961 ] } },
{ "type": "Feature", "properties": { "Name": "Issaquah Station" }, "geometry": { "type": "Point", "coordinates": [ -122.060270400551417, 47.546889268607337 ] } },
{ "type": "Feature", "properties": { "Name": "Ballard Station" }, "geometry": { "type": "Point", "coordinates": [ -122.376418717293461, 47.66830681079648 ] } },
{ "type": "Feature", "properties": { "Name": "Interbay Station" }, "geometry": { "type": "Point", "coordinates": [ -122.376439997660725, 47.647862539280275 ] } },
{ "type": "Feature", "properties": { "Name": "Smith Cove Station" }, "geometry": { "type": "Point", "coordinates": [ -122.371092642351115, 47.628729665467517 ] } },
{ "type": "Feature", "properties": { "Name": "Seattle Center Station" }, "geometry": { "type": "Point", "coordinates": [ -122.355290919021456, 47.623311698660245 ] } },
{ "type": "Feature", "properties": { "Name": "South Lake Union Station" }, "geometry": { "type": "Point", "coordinates": [ -122.343065013576094, 47.623290490756894 ] } },
{ "type": "Feature", "properties": { "Name": "Denny Station" }, "geometry": { "type": "Point", "coordinates": [ -122.338691142045803, 47.619588479155929 ] } },
{ "type": "Feature", "properties": { "Name": "Westlake II Station" }, "geometry": { "type": "Point", "coordinates": [ -122.335372132817895, 47.612155350336359 ] } },
{ "type": "Feature", "properties": { "Name": "Midtown Station" }, "geometry": { "type": "Point", "coordinates": [ -122.33217994485787, 47.606898105159885 ] } },
{ "type": "Feature", "properties": { "Name": "Delridge Station" }, "geometry": { "type": "Point", "coordinates": [ -122.362459498707025, 47.569530505889446 ] } },
{ "type": "Feature", "properties": { "Name": "Avalon Station" }, "geometry": { "type": "Point", "coordinates": [ -122.374519055444736, 47.564709431775164 ] } },
{ "type": "Feature", "properties": { "Name": "West Seattle Junction Station" }, "geometry": { "type": "Point", "coordinates": [ -122.384241023696632, 47.561108045636708 ] } },
{ "type": "Feature", "properties": { "Name": "Boeing Access Station" }, "geometry": { "type": "Point", "coordinates": [ -122.284342505371811, 47.507210021875132 ] } },
{ "type": "Feature", "properties": { "Name": "Graham Station" }, "geometry": { "type": "Point", "coordinates": [ -122.284820552757481, 47.544441283635685 ] } },
{ "type": "Feature", "properties": { "Name": "Old City Hall Station" }, "geometry": { "type": "Point", "coordinates": [ -122.440421648732581, 47.257898383740624 ] } }
]
}
