{
"type": "FeatureCollection",
"name": "kc_public_clinics",
"crs": { "type": "name", "properties": { "name": "urn:ogc:def:crs:OGC:1.3:CRS84" } },
"features": [
{ "type": "Feature", "id": 1, "properties": { "NAME": "Northshore Public Health at Totem Lake", "ADDRESS": "13030 121st Way NE", "ZIPCODE": "98034" }, "geometry": { "type": "Point", "coordinates": [ -122.178620573998316, 47.717623575281756 ] } },
{ "type": "Feature", "id": 2, "properties": { "NAME": "Downtown Public Health Center", "ADDRESS": "2142 4th Ave", "ZIPCODE": "98121" }, "geometry": { "type": "Point", "coordinates": [ -122.34216518431893, 47.614598966805858 ] } },
{ "type": "Feature", "id": 3, "properties": { "NAME": "Renton Public Health Center", "ADDRESS": "3201 NE 7th St", "ZIPCODE": "98056" }, "geometry": { "type": "Point", "coordinates": [ -122.176095378162771, 47.494829778254811 ] } },
{ "type": "Feature", "id": 4, "properties": { "NAME": "Public Health Primary Care at Navos", "ADDRESS": "1210 SW 136th St", "ZIPCODE": "98166" }, "geometry": { "type": "Point", "coordinates": [ -122.349852365065715, 47.481755494647487 ] } },
{ "type": "Feature", "id": 5, "properties": { "NAME": "Eastgate Public Health Center", "ADDRESS": "14350 SE Eastgate Way", "ZIPCODE": "98007" }, "geometry": { "type": "Point", "coordinates": [ -122.149880762426761, 47.581159291714833 ] } },
{ "type": "Feature", "id": 6, "properties": { "NAME": "Federal Way Public Health Center", "ADDRESS": "33431 13th Pl S", "ZIPCODE": "98003" }, "geometry": { "type": "Point", "coordinates": [ -122.317855993566695, 47.301956637416694 ] } },
{ "type": "Feature", "id": 7, "properties": { "NAME": "North Seattle Dental Clinic", "ADDRESS": "12359 Lake City Way NE", "ZIPCODE": "98125" }, "geometry": { "type": "Point", "coordinates": [ -122.295751655073445, 47.718985430038536 ] } },
{ "type": "Feature", "id": 8, "properties": { "NAME": "Columbia City Center for Health", "ADDRESS": "4400 37th Ave S", "ZIPCODE": "98118" }, "geometry": { "type": "Point", "coordinates": [ -122.285745721171835, 47.56390552906835 ] } },
{ "type": "Feature", "id": 9, "properties": { "NAME": "Kent Public Health Center", "ADDRESS": "25742 104th Ave SE", "ZIPCODE": "98030" }, "geometry": { "type": "Point", "coordinates": [ -122.200735715894041, 47.370877113235203 ] } },
{ "type": "Feature", "id": 10, "properties": { "NAME": "Birch Creek Public Health Center", "ADDRESS": "13111 SE 274th St", "ZIPCODE": "98030" }, "geometry": { "type": "Point", "coordinates": [ -122.166190636880458, 47.355583334798858 ] } },
{ "type": "Feature", "id": 11, "properties": { "NAME": "Meridian Center for Health", "ADDRESS": "10501 Meridian Ave N", "ZIPCODE": "98133" }, "geometry": { "type": "Point", "coordinates": [ -122.334831937501463, 47.705654124780317 ] } },
{ "type": "Feature", "id": 12, "properties": { "NAME": "Auburn Public Health Center", "ADDRESS": "901 Auburn Way N", "ZIPCODE": "98002" }, "geometry": { "type": "Point", "coordinates": [ -122.223277709323341, 47.316187042103302 ] } },
{ "type": "Feature", "id": 13, "properties": { "NAME": "White Center Public Health Center", "ADDRESS": "9934 8th Ave SW", "ZIPCODE": "98106" }, "geometry": { "type": "Point", "coordinates": [ -122.344982445364039, 47.514319135670597 ] } }
]
}
