"Year","FID_HRA_20","HRA2010v2_","burden","value","SE","CoV"
2009,0,"Auburn-North","highly_burdened",1199.82014924778,835.839943994979,0.696637695673808
2009,0,"Auburn-North","low_burden",2065.00432327359,1454.48249704111,0.704348402881479
2009,0,"Auburn-North","severely_burdened",1098.58081243281,370.449774382925,0.337207577440356
2009,1,"Auburn-South","highly_burdened",936.426948296894,563.232044732582,0.601469282528602
2009,1,"Auburn-South","low_burden",1524.66892086039,844.29942618748,0.553759189707253
2009,1,"Auburn-South","severely_burdened",935.885721879368,301.465570511664,0.322117928999158
2009,2,"Ballard","highly_burdened",2006.40532504066,1084.87781386473,0.540707204234887
2009,2,"Ballard","low_burden",5857.7973023272,2225.14898069134,0.379861040908215
2009,2,"Ballard","severely_burdened",1355.48801767192,562.814829406424,0.415211954712128
2009,3,"Beacon/Gtown/S.Park","highly_burdened",1574.88411805467,790.466488092727,0.501920413718522
2009,3,"Beacon/Gtown/S.Park","low_burden",2526.62246004275,1383.6833134172,0.547641499788531
2009,3,"Beacon/Gtown/S.Park","severely_burdened",1363.20262185959,446.276223380198,0.327373360514387
2009,4,"Bear Creek/Carnation/Duvall","highly_burdened",518.517930115538,1647.11361404434,3.17657986036728
2009,4,"Bear Creek/Carnation/Duvall","low_burden",1672.37080759594,2251.09751190172,1.34605166610012
2009,4,"Bear Creek/Carnation/Duvall","severely_burdened",502.392337381642,317.135000085244,0.631249675777464
2009,5,"Bellevue-Central","highly_burdened",1814.08154881716,862.027930143315,0.475186978614819
2009,5,"Bellevue-Central","low_burden",4767.02474074186,1673.01815855794,0.35095646646415
2009,5,"Bellevue-Central","severely_burdened",1654.69695930641,425.974141577619,0.257433325891994
2009,6,"Bellevue-NE","highly_burdened",950.545451032333,941.966867049191,0.990975093327915
2009,6,"Bellevue-NE","low_burden",3325.84833138255,1507.39394772705,0.453235925854873
2009,6,"Bellevue-NE","severely_burdened",719.900336388738,321.726642812551,0.446904420723625
2009,7,"Bellevue-South","highly_burdened",331.687109352377,596.662932563356,1.79887284051631
2009,7,"Bellevue-South","low_burden",964.243017584178,1049.15444169374,1.08806019080367
2009,7,"Bellevue-South","severely_burdened",261.956893581065,151.488770405683,0.578296559921617
2009,8,"Bellevue-West","highly_burdened",1062.99680571496,504.102472218401,0.474227645377871
2009,8,"Bellevue-West","low_burden",3233.5343889507,1100.87578068278,0.340455875293789
2009,8,"Bellevue-West","severely_burdened",1168.38495949404,298.175491012394,0.255203123413636
2009,9,"Black Diamond/Enumclaw/SE County","highly_burdened",841.364921099843,1295.25917040123,1.53947370269258
2009,9,"Black Diamond/Enumclaw/SE County","low_burden",1911.37987235564,2358.22768297934,1.23378283777415
2009,9,"Black Diamond/Enumclaw/SE County","severely_burdened",702.069297978243,518.865617932898,0.73905185631544
2009,10,"Bothell/Woodinville","highly_burdened",1124.60375302393,792.730688669743,0.704897779807496
2009,10,"Bothell/Woodinville","low_burden",2427.60516772323,1375.55479984355,0.566630364003401
2009,10,"Bothell/Woodinville","severely_burdened",1211.25488438307,396.820210095726,0.327610823462511
2009,11,"Burien","highly_burdened",1865.84652384668,1062.13132009821,0.569249028000703
2009,11,"Burien","low_burden",3375.90772259468,1790.0687602046,0.530248130961583
2009,11,"Burien","severely_burdened",1779.78397054974,514.564940650259,0.289116515916997
2009,12,"Capitol Hill/E.lake","highly_burdened",3579.25642972358,1417.4164546953,0.39600863545973
2009,12,"Capitol Hill/E.lake","low_burden",8783.44865055111,2596.75096909483,0.295641390119802
2009,12,"Capitol Hill/E.lake","severely_burdened",2240.52197257868,489.641617936358,0.218539083271214
2009,13,"Central Seattle","highly_burdened",2180.97230379863,1161.22929667096,0.532436516799609
2009,13,"Central Seattle","low_burden",4286.93636315113,1878.88193633995,0.438280808758932
2009,13,"Central Seattle","severely_burdened",2600.85783013139,648.673101297266,0.249407366209054
2009,14,"Covington/Maple Valley","highly_burdened",455.013567498687,1125.74747812737,2.47409650731044
2009,14,"Covington/Maple Valley","low_burden",1282.73585236572,2095.47801813356,1.6336005688692
2009,14,"Covington/Maple Valley","severely_burdened",384.321316448646,329.640141596892,0.857720161460105
2009,15,"Delridge","highly_burdened",1395.20863111028,784.034431653246,0.561947807783648
2009,15,"Delridge","low_burden",2056.27767844481,1234.94105782026,0.600571153772508
2009,15,"Delridge","severely_burdened",1298.73484259742,348.845080679035,0.268603774409685
2009,16,"Des Moines/Normandy Park","highly_burdened",1038.64537880103,765.627197524617,0.737140137674737
2009,16,"Des Moines/Normandy Park","low_burden",2379.95372656208,1432.50685867327,0.601905340715415
2009,16,"Des Moines/Normandy Park","severely_burdened",881.275600162177,311.114267494708,0.353027211280393
2009,17,"Downtown","highly_burdened",4532.42886864534,1673.72266479666,0.369277205071042
2009,17,"Downtown","low_burden",10751.7811545841,3213.10806479505,0.2988442583232
2009,17,"Downtown","severely_burdened",4535.26870000635,937.105082677267,0.206626143821634
2009,18,"East Federal Way","highly_burdened",878.84835784215,652.718302971102,0.742697300560168
2009,18,"East Federal Way","low_burden",1832.55174402246,1410.40633275369,0.769640659454361
2009,18,"East Federal Way","severely_burdened",636.205764695826,335.492834041296,0.527333848038451
2009,19,"Fairwood","highly_burdened",285.215039228246,701.286202653762,2.45879812141516
2009,19,"Fairwood","low_burden",1091.12558664792,980.201257521225,0.898339539935576
2009,19,"Fairwood","severely_burdened",292.797866608505,264.953699092122,0.904903106573477
2009,20,"Fed Way-Central/Military Rd","highly_burdened",2220.35700425479,1144.23625632574,0.515338864035412
2009,20,"Fed Way-Central/Military Rd","low_burden",4396.98788684637,2117.31417405353,0.481537413461497
2009,20,"Fed Way-Central/Military Rd","severely_burdened",2289.91693261717,652.592233168336,0.284985111849661
2009,21,"Fed Way-Dash Point/Woodmont","highly_burdened",692.100763504284,589.910427998445,0.852347604720989
2009,21,"Fed Way-Dash Point/Woodmont","low_burden",1726.74961366896,1054.83321272243,0.610877920210528
2009,21,"Fed Way-Dash Point/Woodmont","severely_burdened",1173.87261852378,314.692365558849,0.268080506004642
2009,22,"Fremont/Greenlake","highly_burdened",2994.91993084581,1430.0661219169,0.477497280374046
2009,22,"Fremont/Greenlake","low_burden",7476.92499650759,2620.71544943065,0.35050712032751
2009,22,"Fremont/Greenlake","severely_burdened",2625.81143656033,652.323558903509,0.248427419357277
2009,23,"Issaquah","highly_burdened",387.253183756398,287.059854191692,0.741271773177382
2009,23,"Issaquah","low_burden",1244.54353657948,553.054811040888,0.44438365937837
2009,23,"Issaquah","severely_burdened",528.745658885391,159.602902727031,0.301851939670725
2009,24,"Kenmore/LFP","highly_burdened",837.510123729528,798.692544211786,0.953651211587888
2009,24,"Kenmore/LFP","low_burden",1763.05884069134,1378.29747165078,0.781764873548018
2009,24,"Kenmore/LFP","severely_burdened",837.753140510467,338.475021966677,0.404027159791289
2009,25,"Kent-East","highly_burdened",774.413829079842,646.435716862173,0.834741959128322
2009,25,"Kent-East","low_burden",1762.054840321,1409.06382976141,0.799670814731691
2009,25,"Kent-East","severely_burdened",955.114391333066,311.868045332588,0.32652428668498
2009,26,"Kent-SE","highly_burdened",2431.6671668867,1086.23628579686,0.446704343665415
2009,26,"Kent-SE","low_burden",3891.45056236946,1787.4582382288,0.459329550660009
2009,26,"Kent-SE","severely_burdened",1661.49416739186,482.865956204376,0.290621517475656
2009,27,"Kent-West","highly_burdened",1176.86009659598,463.968742821594,0.394242904626987
2009,27,"Kent-West","low_burden",2512.46271056773,953.895894154388,0.379665692207962
2009,27,"Kent-West","severely_burdened",979.587924227438,260.047159087159,0.265465868510219
2009,28,"Kirkland","highly_burdened",1433.6957113406,986.141086282468,0.687831510188698
2009,28,"Kirkland","low_burden",4996.12317443798,2062.27324226973,0.412774699555264
2009,28,"Kirkland","severely_burdened",1292.1931381856,410.349639663605,0.317560608810993
2009,29,"Kirkland North","highly_burdened",1114.89543905464,822.447723652392,0.737690454945059
2009,29,"Kirkland North","low_burden",2214.5763768472,1286.70857766606,0.581017927906328
2009,29,"Kirkland North","severely_burdened",683.692613521706,357.46692217543,0.522847424567183
2009,30,"Mercer Isle/Pt Cities","highly_burdened",411.369542523512,686.149824115033,1.66796457488297
2009,30,"Mercer Isle/Pt Cities","low_burden",1263.83746818372,1278.20985145209,1.01137201865761
2009,30,"Mercer Isle/Pt Cities","severely_burdened",608.23956747651,246.462667156376,0.405206567173705
2009,31,"NE Seattle","highly_burdened",2518.85084437903,1726.12412470602,0.685282389212516
2009,31,"NE Seattle","low_burden",4280.61141129406,2539.4123752718,0.593235902836626
2009,31,"NE Seattle","severely_burdened",3512.05824325258,644.491807212464,0.183508291313412
2009,32,"Newcastle/Four Creeks","highly_burdened",489.041553915912,633.921822543968,1.29625349311925
2009,32,"Newcastle/Four Creeks","low_burden",1466.71719053698,1243.28468546959,0.84766490328951
2009,32,"Newcastle/Four Creeks","severely_burdened",472.181551317829,324.131568609051,0.68645538501964
2009,33,"North Highline","highly_burdened",810.837543279721,655.739685240458,0.808718948296457
2009,33,"North Highline","low_burden",1103.50431382305,966.463876810993,0.875813410699517
2009,33,"North Highline","severely_burdened",792.43996585932,252.064040174381,0.318085976268301
2009,34,"North Seattle","highly_burdened",2516.95616573158,1111.47830566216,0.441596210849823
2009,34,"North Seattle","low_burden",4742.9774795524,2254.21017711195,0.475273219582035
2009,34,"North Seattle","severely_burdened",2369.80021363294,607.495001581265,0.256348614573701
2009,35,"NW Seattle","highly_burdened",2007.07762803503,1242.2969685644,0.618958106658107
2009,35,"NW Seattle","low_burden",5470.68428608389,2408.62381027467,0.440278342583509
2009,35,"NW Seattle","severely_burdened",2158.30100229787,511.972252309197,0.237210774476831
2009,36,"QA/Magnolia","highly_burdened",2786.82864016933,1355.49673389892,0.486394001540246
2009,36,"QA/Magnolia","low_burden",9298.28640792023,3067.72611487964,0.329923813947758
2009,36,"QA/Magnolia","severely_burdened",2542.42831333865,654.010664317797,0.257238585995358
2009,37,"Redmond","highly_burdened",1344.52698964975,739.618507576715,0.550095694077057
2009,37,"Redmond","low_burden",5832.58555932873,2236.15798150314,0.383390515022381
2009,37,"Redmond","severely_burdened",1558.35339969266,493.574382475664,0.316728145600997
2009,38,"Renton-East","highly_burdened",1547.90788375209,869.97208864463,0.562030917844957
2009,38,"Renton-East","low_burden",3219.69171930809,1524.96770181918,0.473637799753976
2009,38,"Renton-East","severely_burdened",962.04356163306,317.486085627347,0.330012172305813
2009,39,"Renton-North","highly_burdened",1000.85944585666,310.596300826557,0.310329589346793
2009,39,"Renton-North","low_burden",1517.81278162798,434.667577554945,0.28637759730072
2009,39,"Renton-North","severely_burdened",423.194775544426,96.0169723789338,0.226886005989585
2009,40,"Renton-South","highly_burdened",2247.62648695145,1116.37510440053,0.496690669415772
2009,40,"Renton-South","low_burden",3354.48981157243,1835.35634237527,0.547134272414124
2009,40,"Renton-South","severely_burdened",1840.63954416731,552.186813728881,0.299997256648469
2009,41,"Sammamish","highly_burdened",283.568225050358,812.995047760585,2.86701744391921
2009,41,"Sammamish","low_burden",813.617059162894,861.883972537016,1.059323870893
2009,41,"Sammamish","severely_burdened",202.562380536339,214.997981653488,1.06139146412193
2009,42,"SE Seattle","highly_burdened",1367.97276676464,901.843727136106,0.659255614619459
2009,42,"SE Seattle","low_burden",2082.23723001189,1421.52251485881,0.682689990539979
2009,42,"SE Seattle","severely_burdened",1924.35691863365,507.305912389917,0.263623607178922
2009,43,"SeaTac/Tukwila","highly_burdened",2165.73635015072,1413.13445178248,0.652496067531089
2009,43,"SeaTac/Tukwila","low_burden",3745.2724654544,2185.15856932787,0.583444486211166
2009,43,"SeaTac/Tukwila","severely_burdened",2443.06534459654,650.479098116751,0.266255300766085
2009,44,"Shoreline","highly_burdened",1218.39567580195,1178.32871686503,0.967114985933822
2009,44,"Shoreline","low_burden",2741.66013612894,1881.32520089619,0.686199276162839
2009,44,"Shoreline","severely_burdened",1718.88530641933,625.251065681022,0.363753802156529
2009,45,"Snoqualmie/North Bend/Skykomish","highly_burdened",711.631106069269,809.615138399967,1.13768936109597
2009,45,"Snoqualmie/North Bend/Skykomish","low_burden",1546.58645535172,1241.56744123529,0.802779202506945
2009,45,"Snoqualmie/North Bend/Skykomish","severely_burdened",525.164181936716,321.400877724847,0.612000758581013
2009,46,"Vashon Island","highly_burdened",260,251.086171579561,0.965716044536772
2009,46,"Vashon Island","low_burden",347,386.660545095885,1.11429551900832
2009,46,"Vashon Island","severely_burdened",141,72.9548198294123,0.517410069712144
2009,47,"West Seattle","highly_burdened",2118.37074257967,1184.61456735501,0.559210219223682
2009,47,"West Seattle","low_burden",5377.6778740594,2392.56820853967,0.444907312146909
2009,47,"West Seattle","severely_burdened",1690.52300177184,596.524701598149,0.352863995918972
2014,0,"Auburn-North","highly_burdened",1318.41995618597,618.123382643674,0.468836488512985
2014,0,"Auburn-North","low_burden",2105.083302075,1007.13195185261,0.478428550005535
2014,0,"Auburn-North","severely_burdened",1679.66180321756,430.869252271284,0.256521432734799
2014,1,"Auburn-South","highly_burdened",919.893557832938,436.129473665418,0.474108629147095
2014,1,"Auburn-South","low_burden",1599.06295060073,736.333315559063,0.46047800387248
2014,1,"Auburn-South","severely_burdened",984.932100826598,247.886624093052,0.25167889632698
2014,2,"Ballard","highly_burdened",2973.4962915176,1261.89142777674,0.424379687769075
2014,2,"Ballard","low_burden",7185.63189536745,2316.0065939254,0.322310776233684
2014,2,"Ballard","severely_burdened",1405.44839388006,425.909817153723,0.30304194661883
2014,3,"Beacon/Gtown/S.Park","highly_burdened",1869.51003305324,873.145356006809,0.467045022797128
2014,3,"Beacon/Gtown/S.Park","low_burden",2621.42481180646,1346.25361188341,0.51355797267963
2014,3,"Beacon/Gtown/S.Park","severely_burdened",1558.70907032601,496.053116547816,0.318246121737179
2014,4,"Bear Creek/Carnation/Duvall","highly_burdened",1084.67069681022,867.234003379838,0.799536675905585
2014,4,"Bear Creek/Carnation/Duvall","low_burden",2450.27373383642,1581.65981736889,0.645503314804124
2014,4,"Bear Creek/Carnation/Duvall","severely_burdened",802.434441522203,389.493272173369,0.485389524699996
2014,5,"Bellevue-Central","highly_burdened",1895.58699419961,844.669722148081,0.445597972940691
2014,5,"Bellevue-Central","low_burden",4809.50934843937,1628.25084822683,0.338548224000267
2014,5,"Bellevue-Central","severely_burdened",1616.05555745823,405.236158659912,0.250756328759686
2014,6,"Bellevue-NE","highly_burdened",697.517429084608,468.876261066174,0.672207233131804
2014,6,"Bellevue-NE","low_burden",3136.15060551692,1160.92177686524,0.370174115625383
2014,6,"Bellevue-NE","severely_burdened",901.780821964483,286.980831164814,0.318237895700245
2014,7,"Bellevue-South","highly_burdened",384.891591673203,305.953331651176,0.794907808510791
2014,7,"Bellevue-South","low_burden",1260.13169895632,666.374543446612,0.528813412120753
2014,7,"Bellevue-South","severely_burdened",320.019667866491,162.046023531945,0.506362701431055
2014,8,"Bellevue-West","highly_burdened",1629.64306465887,745.103790751448,0.457219011273134
2014,8,"Bellevue-West","low_burden",4802.14688925565,1649.82643983102,0.343560177953397
2014,8,"Bellevue-West","severely_burdened",1112.93771015063,359.077531398739,0.32263937875745
2014,9,"Black Diamond/Enumclaw/SE County","highly_burdened",1120.21322867621,735.887306932085,0.65691717263659
2014,9,"Black Diamond/Enumclaw/SE County","low_burden",2276.68093281056,1327.5927144423,0.583126381615272
2014,9,"Black Diamond/Enumclaw/SE County","severely_burdened",937.031987863892,386.255727425115,0.412211890765484
2014,10,"Bothell/Woodinville","highly_burdened",1274.73106700448,617.823003371255,0.484669291714283
2014,10,"Bothell/Woodinville","low_burden",2307.65952552817,1072.66139018231,0.46482653888762
2014,10,"Bothell/Woodinville","severely_burdened",1435.71692018462,402.683451887492,0.280475521480731
2014,11,"Burien","highly_burdened",1766.50368754929,873.870388295333,0.494689252252665
2014,11,"Burien","low_burden",3277.42439245939,1439.27409088879,0.439147915723161
2014,11,"Burien","severely_burdened",2075.55429969329,554.956248723651,0.267377369411949
2014,12,"Capitol Hill/E.lake","highly_burdened",3846.61958901288,1416.79383170527,0.36832179499945
2014,12,"Capitol Hill/E.lake","low_burden",9800.17738905869,2992.76200501331,0.305378350432162
2014,12,"Capitol Hill/E.lake","severely_burdened",2680.50997443859,712.263099351523,0.265719249748623
2014,13,"Central Seattle","highly_burdened",2752.36175164868,1161.87838634122,0.422138690760854
2014,13,"Central Seattle","low_burden",5219.60204623867,2001.48790986706,0.383456035946145
2014,13,"Central Seattle","severely_burdened",2313.57914736907,585.013874067147,0.252860972892328
2014,14,"Covington/Maple Valley","highly_burdened",820.028164771951,671.688812624815,0.819104564306777
2014,14,"Covington/Maple Valley","low_burden",1481.43458141752,1137.80479417096,0.768042550405596
2014,14,"Covington/Maple Valley","severely_burdened",773.533663139067,354.38204999613,0.45813397255139
2014,15,"Delridge","highly_burdened",1699.73241133296,726.492410855921,0.427415754392889
2014,15,"Delridge","low_burden",2857.93734574318,1241.94432513174,0.434559675348232
2014,15,"Delridge","severely_burdened",2018.2370074672,474.851198249248,0.235280195780953
2014,16,"Des Moines/Normandy Park","highly_burdened",1242.38376308317,660.392887350657,0.531553057093881
2014,16,"Des Moines/Normandy Park","low_burden",2723.4053341317,1166.3031501933,0.428251768319736
2014,16,"Des Moines/Normandy Park","severely_burdened",1155.70250591019,391.555867906562,0.3388033390117
2014,17,"Downtown","highly_burdened",5615.37604034033,1865.12081406801,0.332145309711969
2014,17,"Downtown","low_burden",13380.8407180073,3703.45068124848,0.276772645254236
2014,17,"Downtown","severely_burdened",4536.44229778027,850.504874163408,0.187482793417117
2014,18,"East Federal Way","highly_burdened",1040.72123017795,566.350144807203,0.544190056265464
2014,18,"East Federal Way","low_burden",1662.35842892387,825.435940983464,0.496545105208033
2014,18,"East Federal Way","severely_burdened",1085.33659181293,332.533036895888,0.306387013396858
2014,19,"Fairwood","highly_burdened",638.298368894823,376.15882861273,0.589315039711018
2014,19,"Fairwood","low_burden",1172.56259394221,590.954257618831,0.503985254750467
2014,19,"Fairwood","severely_burdened",381.781832841949,151.879109758244,0.397816492806036
2014,20,"Fed Way-Central/Military Rd","highly_burdened",2744.882395825,1238.40800508243,0.451169786715111
2014,20,"Fed Way-Central/Military Rd","low_burden",4793.62975092823,2107.41708428537,0.439628672589344
2014,20,"Fed Way-Central/Military Rd","severely_burdened",2888.43589927161,740.277769009729,0.256290184316159
2014,21,"Fed Way-Dash Point/Woodmont","highly_burdened",1154.19210203668,567.629789806569,0.491798365978188
2014,21,"Fed Way-Dash Point/Woodmont","low_burden",1515.84744839144,789.074174312196,0.520549858199472
2014,21,"Fed Way-Dash Point/Woodmont","severely_burdened",1309.09503630125,352.526066350276,0.269289896130317
2014,22,"Fremont/Greenlake","highly_burdened",3399.66733341545,1250.14948978711,0.367727005963008
2014,22,"Fremont/Greenlake","low_burden",7165.98397655011,2325.71345387197,0.324549072602257
2014,22,"Fremont/Greenlake","severely_burdened",2951.92591335119,671.79756318963,0.227579411851488
2014,23,"Issaquah","highly_burdened",578.966017101677,297.025755291209,0.513027961085057
2014,23,"Issaquah","low_burden",1730.03374954178,658.258971152943,0.380489092381748
2014,23,"Issaquah","severely_burdened",530.475427234369,156.636668577483,0.295276011924072
2014,24,"Kenmore/LFP","highly_burdened",908.606339448774,505.72718089356,0.556596579768935
2014,24,"Kenmore/LFP","low_burden",1813.78044183737,824.700960089494,0.454686212877048
2014,24,"Kenmore/LFP","severely_burdened",908.511781054739,299.946460653479,0.330151426660923
2014,25,"Kent-East","highly_burdened",1236.96013594675,610.388789006254,0.493458739104047
2014,25,"Kent-East","low_burden",1417.59630005599,740.987308552689,0.522706858450057
2014,25,"Kent-East","severely_burdened",1043.54222420347,307.064343165559,0.294251958419736
2014,26,"Kent-SE","highly_burdened",2895.04964377969,1174.47434472883,0.405683663232618
2014,26,"Kent-SE","low_burden",3418.99503343342,1459.41927386661,0.426856213476577
2014,26,"Kent-SE","severely_burdened",2540.4415614874,581.175620945914,0.228769529579591
2014,27,"Kent-West","highly_burdened",1201.43904562716,525.857733030514,0.437689897747592
2014,27,"Kent-West","low_burden",2255.09240079882,1023.51199941827,0.453866989687745
2014,27,"Kent-West","severely_burdened",1454.35940418088,352.443898115845,0.242336177084335
2014,28,"Kirkland","highly_burdened",1953.24386161243,944.827367497055,0.483722174207724
2014,28,"Kirkland","low_burden",5086.40394181914,1946.05232191424,0.382598854549142
2014,28,"Kirkland","severely_burdened",1209.34303287618,432.769822118986,0.357855306851795
2014,29,"Kirkland North","highly_burdened",1125.26741855701,600.33611557323,0.533505285652963
2014,29,"Kirkland North","low_burden",2060.85406119641,965.799871593497,0.468640594100492
2014,29,"Kirkland North","severely_burdened",755.367980555126,264.145270916086,0.349690849646504
2014,30,"Mercer Isle/Pt Cities","highly_burdened",436.653371648587,290.864010043645,0.666121067485376
2014,30,"Mercer Isle/Pt Cities","low_burden",1442.93754956661,622.673112188467,0.431531574166525
2014,30,"Mercer Isle/Pt Cities","severely_burdened",626.181787843162,195.321984085023,0.311925367165014
2014,31,"NE Seattle","highly_burdened",2288.63505353814,1124.85336400696,0.491495296407343
2014,31,"NE Seattle","low_burden",4025.82865232709,1830.57452271594,0.45470751013156
2014,31,"NE Seattle","severely_burdened",3694.07180986367,709.535051898947,0.192073973766399
2014,32,"Newcastle/Four Creeks","highly_burdened",592.367973117329,459.980721887671,0.776511801384245
2014,32,"Newcastle/Four Creeks","low_burden",1784.44850543148,1010.23481762472,0.566132793717375
2014,32,"Newcastle/Four Creeks","severely_burdened",741.844996485616,336.871586803406,0.45409969521839
2014,33,"North Highline","highly_burdened",926.162558245491,402.47388429624,0.434560737435424
2014,33,"North Highline","low_burden",1460.47961801606,662.778863031665,0.45380904660073
2014,33,"North Highline","severely_burdened",1158.13040510606,302.472395144262,0.261173002462156
2014,34,"North Seattle","highly_burdened",2909.3490763046,1115.9247868741,0.383565106010422
2014,34,"North Seattle","low_burden",4290.39907043157,1717.55112874637,0.400324328937914
2014,34,"North Seattle","severely_burdened",2667.31588406619,619.079732412126,0.23209839378618
2014,35,"NW Seattle","highly_burdened",3093.9210672029,1197.62526399159,0.387089792524772
2014,35,"NW Seattle","low_burden",4817.53289861586,1885.86229365818,0.391458103835681
2014,35,"NW Seattle","severely_burdened",2319.88597360782,633.611730461718,0.273121928262855
2014,36,"QA/Magnolia","highly_burdened",3615.43053446181,1450.905237215,0.401309117513159
2014,36,"QA/Magnolia","low_burden",9919.5967328282,2994.474385453,0.301874609029518
2014,36,"QA/Magnolia","severely_burdened",2281.30451711803,656.817036821852,0.287912916444671
2014,37,"Redmond","highly_burdened",1947.24812673911,1014.41452463348,0.520947747081535
2014,37,"Redmond","low_burden",6620.16566820498,2173.33641724154,0.328290336853584
2014,37,"Redmond","severely_burdened",1614.73973423561,524.806615780893,0.325010033910715
2014,38,"Renton-East","highly_burdened",2018.32123012338,887.174958218031,0.439560831535125
2014,38,"Renton-East","low_burden",3731.79250362374,1561.36565656999,0.418395624905144
2014,38,"Renton-East","severely_burdened",1323.6326675638,407.579970198526,0.307925287873631
2014,39,"Renton-North","highly_burdened",1041.19652597335,434.608138320272,0.417412205552631
2014,39,"Renton-North","low_burden",1913.24387145024,698.086878031675,0.364870829301298
2014,39,"Renton-North","severely_burdened",702.184465724762,174.885989377354,0.249059895104408
2014,40,"Renton-South","highly_burdened",2373.02666171415,1108.88339557583,0.467286530516615
2014,40,"Renton-South","low_burden",4228.43659586327,1854.98641480358,0.438693207938447
2014,40,"Renton-South","severely_burdened",2282.34447258678,620.260827446652,0.271764772976472
2014,41,"Sammamish","highly_burdened",311.483136605354,326.054945402633,1.04678201509105
2014,41,"Sammamish","low_burden",1252.50651198814,743.893412323817,0.593923788182954
2014,41,"Sammamish","severely_burdened",368.947977188265,171.682081411438,0.465328696798444
2014,42,"SE Seattle","highly_burdened",1542.55647073346,772.294138966701,0.500658584381994
2014,42,"SE Seattle","low_burden",2438.91377388822,1231.53882011774,0.504953817270207
2014,42,"SE Seattle","severely_burdened",2156.76464755607,518.653966619501,0.240477776380103
2014,43,"SeaTac/Tukwila","highly_burdened",2907.46968708465,1265.34306658904,0.435204216301842
2014,43,"SeaTac/Tukwila","low_burden",3727.22143408248,1672.97258182213,0.448852479362809
2014,43,"SeaTac/Tukwila","severely_burdened",2459.05004133839,655.640101914557,0.266623326444269
2014,44,"Shoreline","highly_burdened",1830.05323155527,896.165346137181,0.489693595074048
2014,44,"Shoreline","low_burden",3414.46737594733,1611.07763389948,0.471838637337249
2014,44,"Shoreline","severely_burdened",1891.34662844563,525.017037073059,0.277589009426863
2014,45,"Snoqualmie/North Bend/Skykomish","highly_burdened",807.821205299061,515.464521613038,0.63809233804677
2014,45,"Snoqualmie/North Bend/Skykomish","low_burden",2635.24773672614,1358.88634198103,0.515657910655952
2014,45,"Snoqualmie/North Bend/Skykomish","severely_burdened",672.325463511023,285.249568368476,0.424273040141666
2014,46,"Vashon Island","highly_burdened",353,238.319078109414,0.675124867165478
2014,46,"Vashon Island","low_burden",359,260.205524058237,0.724806473699825
2014,46,"Vashon Island","severely_burdened",147,86.937826963383,0.591413788866551
2014,47,"West Seattle","highly_burdened",2082.43087879376,990.914936978118,0.475845295548105
2014,47,"West Seattle","low_burden",5576.06587234026,2048.17684843696,0.367315755467813
2014,47,"West Seattle","severely_burdened",1660.0244715296,537.944709938555,0.324058301045933
2019,0,"Auburn-North","highly_burdened",1683.02192468668,767.229781039826,0.455864400686674
2019,0,"Auburn-North","low_burden",2693.96521016325,1239.95477787997,0.460271266014171
2019,0,"Auburn-North","severely_burdened",1456.74938139049,450.110101931283,0.308982524846962
2019,1,"Auburn-South","highly_burdened",1010.46966063176,487.871069473397,0.482816148253649
2019,1,"Auburn-South","low_burden",1972.6577245995,898.606444442997,0.455530847159731
2019,1,"Auburn-South","severely_burdened",997.378429099421,259.35518998316,0.260036895140537
2019,2,"Ballard","highly_burdened",2869.13826541408,1179.68271846456,0.411162728783412
2019,2,"Ballard","low_burden",8506.58657716772,2675.21871304262,0.314487919305153
2019,2,"Ballard","severely_burdened",1963.57855866,609.325061769132,0.310313564528303
2019,3,"Beacon/Gtown/S.Park","highly_burdened",1879.18758275051,920.061419432432,0.489605948803561
2019,3,"Beacon/Gtown/S.Park","low_burden",3180.9308135355,1381.9044564959,0.434433987251661
2019,3,"Beacon/Gtown/S.Park","severely_burdened",1577.18701587461,431.689222629893,0.273708328996422
2019,4,"Bear Creek/Carnation/Duvall","highly_burdened",863.479637398617,722.947709388607,0.837249285422193
2019,4,"Bear Creek/Carnation/Duvall","low_burden",2180.87903182407,1380.25185683877,0.63288785700523
2019,4,"Bear Creek/Carnation/Duvall","severely_burdened",718.277784517521,343.114146236432,0.477690043646425
2019,5,"Bellevue-Central","highly_burdened",2163.85158071906,1004.44087119355,0.464191204306061
2019,5,"Bellevue-Central","low_burden",5117.28966027711,1734.71969642687,0.338991890549524
2019,5,"Bellevue-Central","severely_burdened",1578.33574385297,435.926367976681,0.276193686719984
2019,6,"Bellevue-NE","highly_burdened",861.681650978159,485.355425101913,0.56326535971951
2019,6,"Bellevue-NE","low_burden",4005.32780543066,1341.37096732048,0.33489667574818
2019,6,"Bellevue-NE","severely_burdened",797.275174092583,280.821095314665,0.352226062518855
2019,7,"Bellevue-South","highly_burdened",398.494130929995,324.525043769719,0.814378477826889
2019,7,"Bellevue-South","low_burden",1151.56183284788,626.574953757834,0.544108823239024
2019,7,"Bellevue-South","severely_burdened",296.526391012176,146.474406790354,0.493967522723261
2019,8,"Bellevue-West","highly_burdened",1738.78684737988,699.662477047004,0.402385420674939
2019,8,"Bellevue-West","low_burden",6542.54836611341,1747.32701721113,0.267071318304847
2019,8,"Bellevue-West","severely_burdened",1374.9395362495,329.738106935717,0.239820078077878
2019,9,"Black Diamond/Enumclaw/SE County","highly_burdened",1031.20332393757,685.871849489656,0.665117958377698
2019,9,"Black Diamond/Enumclaw/SE County","low_burden",2717.72042669598,1477.95202150495,0.543820477995873
2019,9,"Black Diamond/Enumclaw/SE County","severely_burdened",971.45179042708,357.488108922871,0.367993669316013
2019,10,"Bothell/Woodinville","highly_burdened",1218.40992869584,640.138078494002,0.525388100849761
2019,10,"Bothell/Woodinville","low_burden",2984.42381612389,1280.39510849016,0.429025898256338
2019,10,"Bothell/Woodinville","severely_burdened",1411.01285549397,396.239564824684,0.28081924504222
2019,11,"Burien","highly_burdened",2125.56797049011,1090.30926795254,0.512949613039727
2019,11,"Burien","low_burden",3390.96810881835,1535.87041588197,0.452929773030856
2019,11,"Burien","severely_burdened",1793.9570712909,551.347624504481,0.307336018976051
2019,12,"Capitol Hill/E.lake","highly_burdened",4915.80974583366,1693.84486467332,0.344570874840899
2019,12,"Capitol Hill/E.lake","low_burden",11065.5914253429,3230.00962467233,0.291896700367484
2019,12,"Capitol Hill/E.lake","severely_burdened",3130.17888148967,728.284752910517,0.232665537812306
2019,13,"Central Seattle","highly_burdened",2855.89984014227,1245.46082870066,0.436101018388173
2019,13,"Central Seattle","low_burden",6691.96282579555,2352.22708065688,0.351500320890865
2019,13,"Central Seattle","severely_burdened",2559.26762585806,675.10094847337,0.263786773080063
2019,14,"Covington/Maple Valley","highly_burdened",690.900565487761,589.890664736088,0.853799655410092
2019,14,"Covington/Maple Valley","low_burden",1694.52103006155,1196.45838015303,0.706074671796529
2019,14,"Covington/Maple Valley","severely_burdened",686.763178897214,316.22161573254,0.46045219873366
2019,15,"Delridge","highly_burdened",2094.25465429258,876.139628210273,0.418353912411967
2019,15,"Delridge","low_burden",2834.41433166023,1119.7574002749,0.395057768290006
2019,15,"Delridge","severely_burdened",1470.52770325944,400.241401303784,0.272175356109677
2019,16,"Des Moines/Normandy Park","highly_burdened",1929.00955131573,901.397408472138,0.467285093460174
2019,16,"Des Moines/Normandy Park","low_burden",2572.20841220304,1261.84705568846,0.490569523722115
2019,16,"Des Moines/Normandy Park","severely_burdened",1409.74516366009,432.996807087356,0.307145446034498
2019,17,"Downtown","highly_burdened",6294.61535468095,2149.07333419764,0.341414560398753
2019,17,"Downtown","low_burden",18321.9080884483,4682.15880041865,0.255549737386287
2019,17,"Downtown","severely_burdened",5446.63932728329,1157.79890209485,0.212571244858313
2019,18,"East Federal Way","highly_burdened",1406.10682314562,670.298144133743,0.476704993603695
2019,18,"East Federal Way","low_burden",2058.20806632244,1022.89380015,0.496982699119278
2019,18,"East Federal Way","severely_burdened",647.703698468899,252.591030978412,0.389979293889336
2019,19,"Fairwood","highly_burdened",649.684700635545,423.160077773802,0.65133144948596
2019,19,"Fairwood","low_burden",1026.82213438375,570.94665249051,0.556032669507232
2019,19,"Fairwood","severely_burdened",519.152647643579,165.504246779351,0.318796884751664
2019,20,"Fed Way-Central/Military Rd","highly_burdened",3079.05856189802,1411.82529433085,0.458524989359266
2019,20,"Fed Way-Central/Military Rd","low_burden",4985.54018763529,2135.91716946316,0.428422415440655
2019,20,"Fed Way-Central/Military Rd","severely_burdened",2595.34333260545,709.513013916074,0.273379250060068
2019,21,"Fed Way-Dash Point/Woodmont","highly_burdened",1321.89175685415,722.059169577391,0.54623169093342
2019,21,"Fed Way-Dash Point/Woodmont","low_burden",1962.50828185312,1039.44087696573,0.529649167128215
2019,21,"Fed Way-Dash Point/Woodmont","severely_burdened",1117.3959223338,361.053117833134,0.323120131921581
2019,22,"Fremont/Greenlake","highly_burdened",3686.070339784,1382.33863980746,0.375016891264334
2019,22,"Fremont/Greenlake","low_burden",9265.86548249672,2753.38417678182,0.297153480371907
2019,22,"Fremont/Greenlake","severely_burdened",2871.26631723816,716.721593515226,0.249618640114384
2019,23,"Issaquah","highly_burdened",777.46048149707,369.154860897832,0.474821382801337
2019,23,"Issaquah","low_burden",1608.88143654556,633.576281459349,0.393799236579983
2019,23,"Issaquah","severely_burdened",605.892809115843,196.603755730592,0.324486035768421
2019,24,"Kenmore/LFP","highly_burdened",1013.8802861287,539.424342473155,0.532039482228065
2019,24,"Kenmore/LFP","low_burden",2015.04418509064,900.808410477012,0.447041517571732
2019,24,"Kenmore/LFP","severely_burdened",672.984553786363,267.60763512535,0.397643056768137
2019,25,"Kent-East","highly_burdened",987.810825048513,594.611854479037,0.601949117585176
2019,25,"Kent-East","low_burden",1677.73847228313,863.794366057657,0.514856385740605
2019,25,"Kent-East","severely_burdened",823.870235004292,265.461541863162,0.322212808017975
2019,26,"Kent-SE","highly_burdened",2706.47727443382,1175.86417756233,0.434462978377792
2019,26,"Kent-SE","low_burden",3905.34277118566,1676.94753267824,0.429398296367497
2019,26,"Kent-SE","severely_burdened",2411.87891140208,593.386011312522,0.246026452035924
2019,27,"Kent-West","highly_burdened",1398.91849487994,633.511553577618,0.4528580870839
2019,27,"Kent-West","low_burden",2397.33417826896,983.04064863273,0.410055743393503
2019,27,"Kent-West","severely_burdened",1357.55965521339,329.469573890161,0.242692520085516
2019,28,"Kirkland","highly_burdened",1684.52517980255,894.547656722275,0.531038459648985
2019,28,"Kirkland","low_burden",5398.03721718425,1910.78518520973,0.353977771610557
2019,28,"Kirkland","severely_burdened",1437.64013655387,481.611733933492,0.335001591627756
2019,29,"Kirkland North","highly_burdened",881.026762232164,507.912696580067,0.576500871884099
2019,29,"Kirkland North","low_burden",2378.21381323589,912.40905718255,0.383653081192515
2019,29,"Kirkland North","severely_burdened",818.274527013324,267.169523329922,0.326503532139858
2019,30,"Mercer Isle/Pt Cities","highly_burdened",681.82200787681,405.236744786138,0.594343890494299
2019,30,"Mercer Isle/Pt Cities","low_burden",1829.33022252207,739.766353884324,0.404391916110379
2019,30,"Mercer Isle/Pt Cities","severely_burdened",710.706798799312,224.916038695608,0.31646811185089
2019,31,"NE Seattle","highly_burdened",3066.87965997499,1313.15159849746,0.428171869811212
2019,31,"NE Seattle","low_burden",5025.07018524573,2109.08278519223,0.419712104994031
2019,31,"NE Seattle","severely_burdened",4028.40540022102,753.319315284805,0.187001863130129
2019,32,"Newcastle/Four Creeks","highly_burdened",757.370520385622,518.943391354081,0.685190903773038
2019,32,"Newcastle/Four Creeks","low_burden",1755.82528917827,995.396618246922,0.566910970232561
2019,32,"Newcastle/Four Creeks","severely_burdened",759.190112656498,321.260090919438,0.423161584382744
2019,33,"North Highline","highly_burdened",1159.60668746837,517.938780264395,0.446650390914137
2019,33,"North Highline","low_burden",1356.65437003207,659.433196914441,0.486073101212104
2019,33,"North Highline","severely_burdened",906.199787104144,292.223333512988,0.322471200800894
2019,34,"North Seattle","highly_burdened",3372.87555121622,1183.73370660773,0.350956828567507
2019,34,"North Seattle","low_burden",4857.08570422727,1694.66833841039,0.34890641047068
2019,34,"North Seattle","severely_burdened",2632.97840633572,557.537437852688,0.211751618057744
2019,35,"NW Seattle","highly_burdened",2794.89905461184,1181.36932316207,0.422687653499578
2019,35,"NW Seattle","low_burden",5860.00918305209,2232.91924448865,0.381043642550346
2019,35,"NW Seattle","severely_burdened",2591.4040254766,675.300038780291,0.260592339959838
2019,36,"QA/Magnolia","highly_burdened",4424.54091570224,1636.88101111605,0.369954994722036
2019,36,"QA/Magnolia","low_burden",12133.3289496976,3501.85533300547,0.288614554795594
2019,36,"QA/Magnolia","severely_burdened",2606.47966653082,720.765238336455,0.27652824136387
2019,37,"Redmond","highly_burdened",1709.31280854141,849.300942038152,0.496866891650381
2019,37,"Redmond","low_burden",8392.84869761398,2457.15254883808,0.292767406796768
2019,37,"Redmond","severely_burdened",1743.51452565756,523.381505598818,0.300187637038141
2019,38,"Renton-East","highly_burdened",1784.76270301133,868.031700262219,0.486356925095778
2019,38,"Renton-East","low_burden",3960.11469637294,1570.64403037675,0.396615792925214
2019,38,"Renton-East","severely_burdened",1682.41962277411,547.705045771769,0.325546039975847
2019,39,"Renton-North","highly_burdened",1005.94448153778,383.979354769406,0.38171028502728
2019,39,"Renton-North","low_burden",2232.58918542285,702.994614581089,0.314878625754852
2019,39,"Renton-North","severely_burdened",1070.69384878002,229.945645787254,0.21476320803492
2019,40,"Renton-South","highly_burdened",2842.09318612001,1304.93379248612,0.459145322489441
2019,40,"Renton-South","low_burden",4761.48456738627,1988.89911129765,0.417705672075594
2019,40,"Renton-South","severely_burdened",2245.4655141287,653.817085876633,0.291172178669745
2019,41,"Sammamish","highly_burdened",314.000997278103,279.259973125831,0.889360147090543
2019,41,"Sammamish","low_burden",1368.14555082038,773.700993602726,0.565510733224832
2019,41,"Sammamish","severely_burdened",219.8609255417,127.838313412438,0.581450810768061
2019,42,"SE Seattle","highly_burdened",1319.30215473783,645.243538822624,0.489079424683308
2019,42,"SE Seattle","low_burden",3116.74736908095,1407.69532749203,0.451655254916321
2019,42,"SE Seattle","severely_burdened",1967.84880026743,500.773230822703,0.254477493776274
2019,43,"SeaTac/Tukwila","highly_burdened",2860.36641151058,1320.66103357294,0.461710439703944
2019,43,"SeaTac/Tukwila","low_burden",4393.3302580644,1819.42965010101,0.414134504630345
2019,43,"SeaTac/Tukwila","severely_burdened",2195.2901801153,618.572058928725,0.281772343597982
2019,44,"Shoreline","highly_burdened",1915.26544365957,999.132508719674,0.521667903541658
2019,44,"Shoreline","low_burden",3505.300963456,1645.45521228421,0.469419096801862
2019,44,"Shoreline","severely_burdened",2074.39034945651,569.657802538193,0.274614564557459
2019,45,"Snoqualmie/North Bend/Skykomish","highly_burdened",901.593527304657,549.245963419436,0.609194661214377
2019,45,"Snoqualmie/North Bend/Skykomish","low_burden",2637.3522173405,1228.60990708413,0.465849763640238
2019,45,"Snoqualmie/North Bend/Skykomish","severely_burdened",732.375646796872,310.478278868614,0.423933100761237
2019,46,"Vashon Island","highly_burdened",292,184.210920069266,0.630859315305706
2019,46,"Vashon Island","low_burden",354,247.43843058809,0.698978617480481
2019,46,"Vashon Island","severely_burdened",209,115.511798063236,0.552688029010699
2019,47,"West Seattle","highly_burdened",2254.67018695735,1084.11860360531,0.480832456062372
2019,47,"West Seattle","low_burden",6318.78087689229,2302.03328336863,0.36431604896874
2019,47,"West Seattle","severely_burdened",1889.02203056963,570.588625696219,0.30205504036613
